W,,,,,,,,,,,,,,,,,,,,,,,,,,SPEC. REQUIRE,,,,,,,,,,,
"MASTER
ITEM#",,MEAT,SEAFOOD,PRODUCE,GROCERY,BAKERY,HOT DELI,WAREHOUSE,GENERAL MARKET,SUBTENANTS,"MEAT
ITEM #","SEAFOOD
ITEM #","PRODUCE
ITEM #","GROCERY
ITEM #","BAKERY
ITEM #","HOT DELI
ITEM #","WAREHOUSE
ITEM #","GENERAL MARKET
ITEM #","SUBTENANTS
ITEM #",EQUIPMENT DESCRIPTION,SPEC. LINK,MANUFACTURER,MODEL,SUPPLY BY,INSTALL BY,ELECTRICAL,,,DATA/PHONE,PLUMBING - WATER,,,PLUMBING - GAS,,,FLOOR SINK,REMARKS
,,,,,,,,,,,,,,,,,,,,,,,,,,POWER,HEIGHT,NEMA,,COLD,HOT,ELEVATION,PIPE SIZE,BTU,ELEVATION,,
1,,,,,,x,x,,x,,,,,,BK#01,HD#01,,GM#01,,P.O.S. SYSTEM,O,DELL,OPTIPLEX GX260,OWNER,OWNER,120-20A-I.G.,WALKER DUCT,5-15R,YES,,,,,,,,
2,,,,,,,,,x,,,,,,,,,GM#02,,SCANNER SCALE,,TOLEDO,SCANWEIGH,OWNER,OWNER & G.C.,120-20A-I.G.,WALKER DUCT,5-15R,,,,,,,,,
3,,x,x,,,,x,,,,MT#01,SF#01,,,,HD#02,,,,COMPACT SCALE WITH PRINTER,O,BIZERBA,KHII 100 PRO,OWNER,OWNER,120-20A-I.G.,VERIFY,5-15R,,,,,,,,,
4,,,,,,,,,,,TBD,,,,,,,,,SELF SERVICE SCALE,,,,,,,,,,,,,,,,,
5,,,,,,,,,,,TBD,,,,,,,,,FLOOR SCALE,,,,,,,,,,,,,,,,,
6,,,,,,,,,x,,,,,,,,,GM#03,,LOTTERY MACHINE - FREESTANDING,,STATE LOTTERY,VARIES,OWNER,STATE,120-20A-I.G.,VERIFY,5-15R,YES,,,,,,,,
7,,,,,,,,,x,,,,,,,,,GM#04,,STANDING DIGITAL SIGNAGE,,SHENZHEN YAXUNDA,YXD55P-WA,OWNER,OWNER,120-20A,STANDARD,5-15R,,,,,,,,,
8,,,,,,,,x,,,,,,,,,WH#01,,,BADGE TERMINAL,,KRONOS,INTOUCH 9100,OWNER,OWNER,120-20A,"48"" AFF",5-15R,YES,,,,,,,,
9,,,x,,,,,,,,,SF#02,,,,,,,,NUMBER SYSTEM DISPLAY,,TURN-O-MATIC,S3,OWNER,OWNER,120-20A,CEILING,5-15R,,,,,,,,,
10,,,,,,x,x,,,,,,,,BK#02,HD#03,,,,LED TV MENU BOARD,O,SAMSUNG,H5003,OWNER,OWNER,120-20A,CEILING,5-15R,,,,,,,,,
11,,,,x,,,,,,,,,PD#01,,,,,,,PRODUCE DRY TABLE,,CUSTOM,CUSTOM,OWNER,G.C.,,,,,,,,,,,,
12,,,,,x,,,,,,,,,GR#01,,,,,,GROCERY SUPERSTRUCTURE,,MADIX,TL-SERIES,OWNER,G.C.,,,,,,,,,,,,
13,,,,x,,,,,,,,,PD#02,,,,,,,PRODUCE DISPLAY BIN,,CUSTOM,CUSTOM,OWNER,G.C.,,,,,,,,,,,,
14,,,,,,,,,,,,,,,,,,,,BULK DISPLAY,,,,,,,,,,,,,,,,,
15,,,,,x,,,,,,,,,GR#02,,,,,,GROCERY GONDOLA W/ CANOPY LIGHTS,,MADIX,MAXILINE SERIES,OWNER,G.C.,"120-20A
2 CIRCUITS/AISLE",,,,,,,,,,,
16,,,,,x,,,,,,,,,GR#03,,,,,,GROCERY END DISPLAY,,MADIX,MAXILINE SERIES,OWNER,G.C.,,,,,,,,,,,,
17,,,,,x,,,,,,,,,GR#04,,,,,,GROCERY RICE DISPLAY,,MADIX,WIDE SPAN,OWNER,G.C.,,,,,,,,,,,,
18,,,,,,,,,x,,,,,,,,,GM#05,,CHECKOUT MERCHANDISING DISPLAY,,IVAR,WAL1S442CPT01,OWNER,G.C.,,,,,,,,,,,,
19,,,,,,,,x,,,,,,,,,WH#02,,,TRASH COMPACTOR ODOR NEUTRALIZER,,SONOAIRE,330A,OWNER,E.C.,115V,48” AFF,WALL HANGER & TIMER,,,,,,,,,
20,,,,,,,,x,,,,,,,,,WH#03,,,VERTICAL BALER,,MARATHON,V6030HD,OWNER,OWNER,10 H/P-7.5 KW-3P **,"48"" AFF",NEED DISCONNECT,,,,,,,,,
21,A,,,,,,,x,,,,,,,,,WH#04,,,TRASH COMPACTOR W/ INDOOR REMOTE POWER PACK,,MARATHON,RJ250SC-25,OWNER,OWNER,10 H/P-7.5 KW-3P **,"48"" AFF",NEED DISCONNECT,,,,,,,,,
21,B,,,,,,,x,,,,,,,,,WH#05,,,TRASH COMPACTOR W/ INDOOR REMOTE POWER PACK,,MARATHON,RJ250SC-30,OWNER,OWNER,10 H/P-7.5 KW-3P **,"48"" AFF",NEED DISCONNECT,,,,,,,,,
22,,,,,,,,x,x,,,,,,,,WH#06,GM#06,,AIR CURTAIN,,SEE M. DWGS,SEE M. DWGS,G.C.,G.C.,SEE M. DWGS,ABOVE DOOR,CONNECT W DOOR SW,,,,,,,,,
23,,,,,,,,x,,,,,,,,,WH#07,,,MANUAL PALLET JACK,,RAYMOND,MANUAL,OWNER,OWNER,,,,,,,,,,,,
24,,,,,,,,x,,,,,,,,,WH#08,,,ELECTRIC PALLET JACK,,RAYMOND,8210,OWNER,OWNER,,"48"" AFF",,,,,,,,,,
25,,,,,,,,x,,,,,,,,,WH#09,,,WALKIE STRADDLE,,RAYMOND,6210,OWNER,OWNER,,"48"" AFF",,,,,,,,,,
26,,,,,,,,,,,TBD,,,,,,,,,POST GUARD,,,,,,,,,,,,,,,,,
27,,,,,,,,,,,TBD,,,,,,,,,SELF CHECKOUT STAND,,TOSHIBA,3AD00566100,OWNER,G.C. & E.C.,,,,,,,,,,,,
28,A,,,,,,,,x,,,,,,,,,GM#07,,CHECK STAND - DOUBLE,,KILLION,KCU3500,OWNER,G.C.& E.C.,2X120-20A,WALKER DUCT,CONNECT TO PIG TAIL,,,,,,,,,
28,B,,,,,,,,x,,,,,,,,,GM#08,,CHECK STAND - SINGLE,,KILLION,,OWNER,G.C.& E.C.,2X120-20A,WALKER DUCT,CONNECT TO PIG TAIL,,,,,,,,,
29,,,,,,,,,x,,,,,,,,,GM#09,,CUSTOMER SERVICE COUNTER,,CUSTOM,CUSTOM,G.C.,G.C.,4X120-20A,VERIFY,5-15R,,,,,,,,,
30,A,,,,,,,,,,TBD,,,,,,,,,TRASH RECEPTACLE - CUSTOM,,CUSTOM,CUSTOM,G.C.,G.C.,,,,,,,,,,,,
30,B,,,,,,,,,,TBD,,,,,,,,,TRASH RECEPTACLE - SINGLE COMPARTMENT,,BUSCH SYSTEMS,COURTSIDE SERIES,OWNER,OWNER,,,,,,,,,,,,
30,C,,,,,,,,,,TBD,,,,,,,,,TRASH RECEPTACLE - DOUBLE COMPARTMENT,,BUSCH SYSTEMS,COURTSIDE SERIES,OWNER,OWNER,,,,,,,,,,,,
31,,,,,,x,,,,,,,,,BK#03,,,,,BAKERY CASHIER COUNTER,,CUSTOM,CUSTOM,G.C.,G.C.,2X120-20A,VERIFY,5-15R,YES,,,,,,,,
32,,,,,,x,,,,,,,,,BK#04,,,,,BAKERY BACK COUNTER,,CUSTOM,CUSTOM,OWNER,OWNER,,,,,,,,,,,,
33,,,,,,x,,,,,,,,,BK#05,,,,,BAKERY BREAD ISLAND DISPLAY/ 8 PLAN 2 LEVEL BAKERY DISPLAY,O,CUSTOM,"52.5"" x 44"" x 58""",OWNER,OWNER,120-20A,FLOOR OUTLET,5-15R,,,,,,,,,
34,,,,,,x,,,,,,,,,BK#06,,,,,BAKERY BREAD TOAST RACK,O,CUSTOM,CUSTOM,OWNER,OWNER,120-20A,STANDARD,5-15R,,,,,,,,,
35,,,,,,x,,,,,,,,,BK#07,,,,,CONDIMENT COUNTER - CUSTOM,,CUSTOM,CUSTOM,G.C.,G.C.,,,,,,,,,,,,
36,,,,,,,,,,,TBD,,,,,,,,,BAKED GOODS WARMER,,HATCO,FLAV--R-FRESH FDWD-2X,OWNER,G.C.,120V,VERIFY,5-15P,,,,,,,,,
37,,,,,,,,,,,TBD,,,,,,,,,STEAMED BUNS WARMER,,ANTUNES,SDC-500,OWNER,G.C.,120V,VERIFY,5-15P,,,,,,,,,
38,,,,,,,,,,,TBD,,,,,,,,,BENTO WARMER,,HATCO,GR2SDH-36D,OWNER,G.C.,,VERIFY,L14-20P,,,,,,,,,
39,,,,,,,x,,,,,,,,,HD#04,,,,HOT DELI SS FRONT SERVICE/ CASHIER COUNTER,,CUSTOM,CUSTOM,OWNER,OWNER,SEE CUT SHEET & DWGS,,,,,,,,,,,
40,,,,,,,x,,,,,,,,,HD#05,,,,HOT DELI SS BACK COUNTER,,CUSTOM,CUSTOM,OWNER,OWNER,SEE CUT SHEET & DWGS,,,,,,,,,,,
41,,,,,,,,,,,,,,,,,,,,MISC. BAKERY DISPLAY,,MARCO,,OWNER,OWNER,,,,,,,,,,,,
42,,,,,,x,,,,,,,,,BK#08,,,,,TRAY AND TONG STATION,,CUSTOM,CUSTOM,OWNER,G.C.,,,,,,,,,,,,
43,,,,,,x,,,,,,,,,BK#09,,,,,1-DOOR REACH IN REFRIGERATOR,,TRAULSEN,G SERIES,OWNER,G.C.,115/60/1,3 WIRE FEED W/ GROUND - 80” OC,3 WIRE FEED W/ GROUND - 5-15P,,,,,,,,,
44,,,,,,x,,,,,,,,,BK#10,,,,,1-DOOR REACH IN FREEZER,,TRAULSEN,G SERIES,OWNER,G.C.,115/60/1,4 WIRE FEED W/ GROUND - 80” OC,4 WIRE FEED W/ GROUND - 5-15P,,,,,,,,,
45,,,,x,,,,,,,,,PD#03,,,,,,,REFRIG. PRODUCE WALL CS - LOW FRONT,,HILL PHOENIX,O5DM,OWNER,R.C. / E.C.,SEE R. DWGS,VERIFY,VERIFY,,,,,,,,YES,
46,,,,x,,,,,,,,,PD#04,,,,,,,REFRIG. PRODUCE ISLAND CS,,HILL PHOENIX,OIP-OIPB,OWNER,R.C. / E.C.,SEE R. DWGS,VERIFY,VERIFY,,,,,,,,YES,
47,A,,,,,,,,,,TBD,,,,,,,,,REFRIG. DELI / DAIRY CS  WITH DOOR,,NOVUM,"PANAMA GREEN
2 DOOR",OWNER,R.C. / E.C.,SEE R. DWGS,VERIFY,VERIFY,,,,,,,,,
47,B,,,,,,,,,,TBD,,,,,,,,,REFRIG. DELI / DAIRY CS  WITH DOOR,,NOVUM,"PANAMA GREEN
3 DOOR",OWNER,R.C. / E.C.,SEE R. DWGS,VERIFY,VERIFY,,,,,,,,,
48,A,,,,x,,,,,,,,,GR#05,,,,,,REFRIG. DELI/ DAIRY CS - OPEN,,SEE R. DWGS,SEE R. DWGS,OWNER,R.C. / E.C.,SEE R. DWGS,VERIFY,VERIFY,,,,,,,,YES,
48,B,,,,,,,,,,,,,,,,,,,REFRIG. DELI/ DAIRY CS – OPEN - NARROW,,SEE R. DWGS,SEE R. DWGS,OWNER,R.C. / E.C.,SEE R. DWGS,VERIFY,VERIFY,,,,,,,,YES,
49,A,,,,x,,,,,,,,,GR#06,,,,,,REFRIG. DELI/ DAIRY CS - CLOSED,,SEE R. DWGS,SEE R. DWGS,OWNER,R.C. / E.C.,SEE R. DWGS,VERIFY,VERIFY,,,,,,,,YES,
49,B,,,,,,,,,,,,,,,,,,,REFRIG. DELI/ DAIRY CS – CLOSED - NARROW,,SEE R. DWGS,SEE R. DWGS,OWNER,R.C. / E.C.,,,,,,,,,,,,
50,,x,x,,,,,,,,MT#02,SF#03,,,,,,,,REFRIG. MEAT-SEAFOOD MULTI-DECK,,HILL PHOENIX,SEE R. DWGS,OWNER,R.C. / E.C.,SEE R. DWGS,VERIFY,VERIFY,,,,,,,,YES,
51,A,,,,,,x,,,,,,,,,HD#06,,,,REFRIG. COLD DELI CS,,SEE R. DWGS,SEE R. DWGS,OWNER,R.C. / E.C.,SEE R. DWGS,VERIFY,VERIFY,,,,,,,,YES,
51,B,,,,,,,,,,TBD,,,,,,,,,REFRIG. COLD DELI CS - 3DECK,,SEE R. DWGS,SEE R. DWGS,OWNER,R.C. / E.C.,SEE R. DWGS,VERIFY,VERIFY,,,,,,,,YES,
52,,,,,,,,,,,TBD,,,,,,,,,REFRIG. MEAT - 3DECK,,SEE R. DWGS,SEE R. DWGS,OWNER,R.C. / E.C.,SEE R. DWGS,VERIFY,VERIFY,,,,,,,,YES,
53,,,,,,,,,,,TBD,,,,,,,,,REFRIG.SELF SERVE CASE - 3DECK,,HILL PHOENIX,02.5 UM,OWNER,R.C. / E.C.,SEE R. DWGS,VERIFY,VERIFY,,,,,,,,,
54,A,,,,,,,,,,TBD,,,,,,,,,REACH IN FROZEN CS,,SEE R. DWGS,SEE R. DWGS,OWNER,R.C. / E.C.,SEE R. DWGS,VERIFY,VERIFY,,,,,,,,YES,
54,B,,,,x,,,,,,,,,GR#07,,,,,,REACH IN FROZEN NARROW CS,,SEE R. DWGS,SEE R. DWGS,OWNER,R.C. / E.C.,SEE R. DWGS,VERIFY,VERIFY,,,,,,,,YES,
55,,,x,,,,,,,,,SF#04,,,,,,,,REFRIG. SUSHI CASE - 3DECK,,SEE R. DWGS,SEE R. DWGS,OWNER,R.C. / E.C.,SEE R. DWGS,VERIFY,VERIFY,,,,,,,,YES,
56,A,x,x,,x,,,,,,MT#03,SF#05,,GR#08,,,,,,SELF-CONTAINED FROZEN COFFIN CASES,,AHT,PARIS 185 & 210,AHT,E.C.,"110-120/60
(120V-20A PER 2 CASES)",,L5-15,,,,,,,,,
56,B,x,x,,x,,,,,,MT#04,SF#06,,GR#09,,,,,,SELF-CONTAINED FROZEN COFFIN CASES,,NOVUM,,OWNER,G.C.,,,,,,,,,,,,
56,C,x,x,,x,,,,,,MT#05,SF#07,,GR#10,,,,,,SELF-CONTAINED FROZEN COFFIN CASES,,EXCELLENCE,HR-18H & HR-21H,OWNER,G.C.,"115/60/1
(120V-20A PER 2 CASES)",,,,,,,,,,,
57,,,,,,x,,,,,,,,,BK#11,,,,,REFRIG. SELF SERVICE BAKERY,,SEE R. DWGS,SEE R. DWGS,OWNER,R.C.,SEE R. DWGS,VERIFY,VERIFY,,,,,,,,YES,
58,,,x,,,,,,,,,SF#08,,,,,,,,REFRIG. SERVICE SEAFOOD CS,,HILL PHOENIX,SSAM-RG,OWNER,R.C. / E.C.,SEE R. DWGS,VERIFY,VERIFY,,,,,,,,YES,
59,,x,,,,,,,,,MT#06,,,,,,,,,REFRIG. SERVICE MEAT,,HILL PHOENIX,SGM,OWNER,R.C. / E.C.,SEE R. DWGS,VERIFY,VERIFY,,,,,,,,YES,
60,,,,,,x,,,,,,,,,BK#12,,,,,REFRIG. SERVICE BAKERY,,HILL PHOENIX,BLF,OWNER,R.C. / E.C.,SEE R. DWGS,VERIFY,VERIFY,,,,,,,,YES,
61,,,,,,,,,,,TBD,,,,,,,,,REFRIG. SINGLE DECK MEAT,,SEE R. DWGS,SEE R. DWGS,OWNER,R.C. / E.C.,SEE R. DWGS,VERIFY,VERIFY,,,,,,,,YES,
62,,,,,,,,,,,TBD,,,,,,,,,REFRIG. SELF SERVICE JUICE,,SEE R. DWGS,SEE R. DWGS,OWNER,R.C. / E.C.,SEE R. DWGS,VERIFY,VERIFY,,,,,,,,YES,
63,,,,,,,,,,,TBD,,,,,,,,,REFRIG MARINATED MEAT,,SEE R. DWGS,SEE R. DWGS,OWNER,R.C. / E.C.,SEE R. DWGS,VERIFY,VERIFY,,,,,,,,YES,
64,,,,,,,,,,,TBD,,,,,,,,,REFRIG. SELF SERVICE CAKE,,TURBO AIR,TOM-75LBSF,OWNER,R.C. / E.C.,120-20A,VERIFY,VERIFY,,,,,,,,YES,
65,,,,,,,,,,,TBD,,,,,,,,,REFRIG. SELF SERVICE CAKE,,TURBO AIR,TOM-40LBSF,OWNER,R.C. / E.C.,120-20A,VERIFY,VERIFY,,,,,,,,YES,
66,,,,,,,,x,,,,,,,,,WH#10,,,REFRIGERATION COMPRESSOR SYSTEM,,SEE R. DWGS,SEE R. DWGS,OWNER,R.C. / E.C.,SEE R. DWGS,VERIFY,VERIFY,,,,,,,,YES,
67,,,,,,,,x,,,,,,,,,WH#11,,,REFRIG. CONDENSER,,SEE R. DWGS,SEE R. DWGS,OWNER,R.C. / E.C.,SEE R. DWGS,VERIFY,VERIFY,,,,,,,,YES,
68,,x,x,x,x,x,x,,,,MT#07,SF#09,PD#05,GR#11,BK#13,HD#07,,,,WALK-IN COOLER,O,HILL PHOENIX,CUSTOM,OWNER,R.C.,SEE R. DWGS,VERIFY,VERIFY,,,,,,,,YES,
69,,x,x,,x,x,x,,,,MT#08,SF#10,,GR#12,BK#14,HD#08,,,,WALK-IN FREEZER,O,HILL PHOENIX,CUSTOM,OWNER,R.C.,SEE R. DWGS,VERIFY,VERIFY,,,,,,,,YES,
70,A,,,,,x,,,,,,,,,BK#15,,,,,2-DOOR UNDER COUNTER REFRIGERATOR,,BEVERAGE AIR,UCR-34,OWNER,E.C.,120-20A,24” OC,5-15R,,,,,,,,,
71,,,,,,,,,,,TBD,,,,,,,,,2-DOOR REACH IN REFRIGERATOR,,TRAULSEN,G SERIES,OWNER,E.C.,120-20A,80” OC,5-15R,,,,,,,,,
72,,,,,,,,,,,TBD,,,,,,,,,3-DOOR REACH IN REFRIGERATOR,,TRAULSEN,G SERIES,OWNER,E.C.,120-20A,80” OC,L14-20P,,,,,,,,,
73,,,,,,,,,,,TBD,,,,,,,,,2-DOOR REACH IN FREEZER,,TRAULSEN,G SERIES,OWNER,E.C.,208-20A-1P,80” OC,5-20R,,,,,,,,,
74,,,,,,,,,,,TBD,,,,,,,,,3-DOOR REACH IN FREEZER,,TRAULSEN,G SERIES,OWNER,E.C.,208-20-1P,80” OC,L14-20P,,,,,,,,,
75,,,,,,x,x,,,,,,,,BK#16,HD#09,,,,60” WORKTOP REFRIG COLD TABLE,,TRUE,TUC-60,OWNER,E.C.,120-20A,"48"" AFF",5-15R,,,,,,,,,
76,A,,,,,,x,,,,,,,,,HD#10,,,,PREP TOP REFRIG. COLD TABLE,,TRUE,TSSU-60-16-HC,OWNER,E.C.,120-20A,"48"" AFF",5-15R,,,,,,,,,
76,B,,,,,,,,,,TBD,,,,,,,,,60” PIZZA PREP COLD TABLE,,TRUE,TPP-67,OWNER,E.C.,120-20A,"48"" AFF",5-15R,,,,,,,,,
77,,,,,,,,x,,,,,,,,,WH#12,,,BREAK ROOM REFRIGERATOR,,FRIGIDAIRE,FFTR1814Q,OWNER,OWNER,120-20A,"48"" AFF",5-15R,,,,,,,,,
78,,,x,,,,,,,,,SF#11,,,,,,,,STORAGE ICE BIN DOUBLE DOOR UPRIGHT,,KLOPPENBERG,2115,OWNER,G.C.,,,,,,,,,,,YES,
79,,,x,,,,,,,,,SF#12,,,,,,,,ICE CUBER – 1000LBS W/ FILTER,,ICE-O-MATIC,CIM1136A,OWNER,P.C.& E.C.,208-20A-1P,"80"" OC",L6-20,,CW-3/8”,,"56"" + 6.5"" A.F.F.",,,,YES,
80,,,x,,,,,,,,,SF#13,,,,,,,,ICE FLAKER – 1000LBS W/ FILTER,,ICE-O-MATIC,MFI1256A,OWNER,P.C.& E.C.,208-20A-1P,"80"" OC",L6-20,,CW-3/8”,,"56"" + 5.25"" A.F.F.",,,,YES,
81,,,,,,x,,,,,,,,,BK#17,,,,,ICE CUBER SELF CONTAINED – 300LBS W/ FILTER,,ICE-O-MATIC,ICEU-300,OWNER,P.C.& E.C.,120-20A,24” OC,5-15R,,CW-1/2”,,24” OC,,,,YES,
82,,,x,,,,,,,,,SF#14,,,,,,,,STORAGE ICE BIN SLOPED FRONT 850LBS,,ICE-O-MATIC,B110PS,OWNER,G.C.,,,,,,,,,,,YES,
83,A,x,x,x,,x,x,,,,MT#09A,SF#15A,PD#06A,,BK#18A,HD#11A,,,,WALL MOUNT HAND SINK,,ADVANCE TABCO,7-PS-66,OWNER,P.C,,,,,CW-1/2”,HW-1/2”,18” OC,,,,,
83,B,,,,,,,,,,MT#09B,SF#15B,PD#06B,,BK#18B,HD#11B,,,,WALL MOUNT HAND SINK W/ PAPER TOWEL AND SOAP DISPENSER,O,ADVANCE TABCO,7-PS-87,OWNER,P.C.,,,,,CW-1/2”,HW-1/2”,18” OC,,,,,
84,,,,,,,,,x,,,,,,,,,GM#10,,CUSTOMER RESTROOM TROUGH SINK,,SLOAN,ELRF-82000,P.C.,P.C.,,,,,,,,,,,,
85,,,,,,,,,,,TBD,,,,,,,,,CUSTOMER RESTROOM UNDERMOUNT HAND SINK,,KOHLER,K-2602,P.C.,P.C,,,,,CW-1/2”,HW-1/2”,"48"" AFF",,,,,
86,,,,,,,,,x,,,,,,,,,GM#11,,CUSTOMER RESTROOM TROUGH SINK FAUCET,,SLOAN,EAF-100,P.C.,P.C.,,,,,CW-1/2”,HW-1/2”,18” OC,,,,,
87,A,,,,,,,,,,,,,,,,,,,1COMP-SINK W/ 1 DRAIN BOARD (RIGHT) – SMALL,,AREO,MF1-2418-18R,OWNER,P.C,,,,,,,,,,,YES,
87,B,,x,,,x,,,,,,SF#16,,,BK#19,,,,,1COMP-SINK W/ 1 DRAIN BOARD (LEFT) – SMALL,,AREO,MF1-2418-18L,OWNER,P.C,,,,,,,,,,,YES,
88,,x,x,,,,x,,,,MT#10,SF#17,,,,HD#12,,,,2COMP SINK /W 2 DRAIN BOARD – LARGE,,AREO,MF2-2424-24LR,OWNER,P.C,,,,,,,,,,,YES,
89,,,,x,,,x,,,,,,PD#07,,,HD#13,,,,2COMP SINK /W 2 DRAIN BOARD – SMALL,O,AREO,MF2-2418-18LR,OWNER,P.C,,,,,,,,,,,YES,
90,,x,,x,,x,x,,,,MT#11,,PD#08,,BK#20,HD#14A,,,,3COMP SINK /W 2 DRAIN BOARD - LARGE,,AREO,MF3-2424-24LR,OWNER,P.C,,,,,,,,,,,YES,
91,,,x,,,,,,,,,SF#18,,,,HD#14B,,,,3COMP SINK /W 2 DRAIN BOARD - SMALL,O,AREO,MF3-2418-18LR,OWNER,P.C,,,,,,,,,,,YES,
92,A,,,,,,,x,,,,,,,,,WH#13,,,MOP SINK,,ADVANCE TABCO,9-OP-28,P.C.,P.C,,,,,,,,,,,,
92,B,,,,,,,,,,,,,,,HD#55,,,,MOP SINK,O,STEELTON," 24""X24""X12""",OWNER,P.C.,,,,,,,,,,,,
93,,,,,,,,x,,,,,,,,,WH#14,,,MOP SINK FAUCET,,FISHER,8261,P.C.,P.C,,,,,SEE P. DWGS,SEE P. DWGS,SEE P. DWGS,,,,,
94,,,,,,,x,,,,,,,,,HD#15,,,,WOK RANGE FAUCET,,FISHER,60224,OWNER,P.C,,,,,CW-1/2”,,"12""H",,,,,
95,,,,,,,,,,,,,,,,,,,,RESTROOM HAND SINK FAUCET,,MOEN,M-BITTON,P.C.,P.C,,,,,,,,,,,,
96,,,,,,x,,,,,,,,,BK#21,,,,,KITCHEN FAUCET,,FISHER,60143,OWNER,P.C,,,,,"CW 3/4""","CW 3/4""",,3/4”,,,,
97,,,,,,x,,,,,,,,,BK#22,,,,,WATER HEATER,,SEE P. DWGS,SEE P. DWGS,P.C.,P.C,120-20A,24” OC,5-15R,,CW 1 1/2”,CW 1 1/2”,SEE WH SPEC,"3/4""",199.00,"16"" OC",,SEE P. DWGS
98,A,,,,,,,,x,,,,,,,,,GM#12,,DRINKING FOUNTAIN - NO BOTTLE FILLER,,HALSEY-TAYLOR,CONTOUR BI LEV,P.C.,P.C,,,,,"CW 3/8"" O.D.",,,,,,,
98,B,,,,,,,,x,,,,,,,,,GM#13,,DRINKING FOUNTAIN - W/ BOTTLE FILLER,,ELKAY,LZSTL8WSLP,P.C.,P.C,115V/60,,,,"CW 3/8"" O.D.",,,,,,,
99,,,,,,x,,,,,,,,,BK#23,,,,,DROP IN DUMP SINK,,KROWNE,HS-1419,OWNER,G.C.,,,,,,,,,,,YES,
100,,,,,,,,,x,,,,,,,,,GM#14,,RESTROOM HAND DRYER W/ RECESS KIT,,XLERATOR,XL-SB,G.C.,P.C.& E.C.,120-20A,ADA CODE,DIRECT CONNECT,,,,,,,,,
101,,x,x,x,,x,x,,,,MT#12,SF#19,PD#09,,BK#24,HD#16,,,,GOLD BOND WIRE SHELVE - 18Dx48Wx74H,,ISS,P74NY,OWNER,G.C.,,,,,,,,,,,,
102,,,,,,,,,x,,,,,,,,,GM#15,,TROUGH SINK SOAP DISPENSER,,SLOAN,ESD-1500-CP,P.C.,P.C.,,,,,,,,,,,,
103,,x,x,x,x,,,,,,MT#13,SF#20,PD#10,GR#13,,,,,,DUNNAGE RACK,,MASONWAYS,482212HD,OWNER,OWNER,,,,,,,,,,,,
104,,,,,,,,x,,,,,,,,,WH#15,,,LOCKER,,GSW,VARIES,OWNER,G.C.,,,,,,,,,,,,
105,,,,,,,,,,,,,,,,,,,,WAREHOUSE PALLET RACKS,,,,OWNER,G.C.,,,,,,,,,,,,
106,,x,x,x,,x,x,,,,MT#14,SF#21,PD#11,,BK#25,HD#17,,,,SS WALL SHELF,,GENERAL EQUIP.,"16""D / 18GA",OWNER,G.C.,,,,,,,,,,,,
107,,,,,,,,x,,,,,,,,,WH#16,,,MOP RACK,,ADVANCE TABCO,K242,GC,G.C.,,,,,,,,,,,,
108,,x,x,x,,x,x,,,,MT#15,SF#22,PD#12,,BK#26,HD#18,,,,S.S. TOP WORK TABLE,,EAGLE GROUP,T3060SB,OWNER,G.C.,,,,,,,,,,,,
109,,x,,,,,,,,,MT#16,,,,,,,,,SS POLY TOP WORK TABLE,,EAGLE GROUP,CT3060S,OWNER,OWNER,,,,,,,,,,,,
110,,x,x,x,,,,,,,MT#17,SF#23,PD#13,,,,,,,HAND WRAP STATION,,SCALEMATE,SM-1,OWNER,OWNER,115V-6.5A,"48"" AFF",,,,,,,,,,
111,,,x,,,,,,,,,SF#24,,,,,,,,EQUIPMENT STAND,,EAGLE GROUP,MS3024,OWNER,G.C.,,,,,,,,,,,,
112,,x,x,,,,,,,,MT#18,SF#25,,,,,,,,ADA COUNTER,,CUSTOM,CUSTOM SIZE,OWNER,G.C.,,,,,,,,,,,,
113,,x,,,,,,,,,MT#19,,,,,,,,,MEAT SAW,,HOBART,6801,OWNER,G.C.,208-20A-3P,"48"" AFF",L15-20R/ L15-20P*,,,,,,,,,
114,,x,,,,,,,,,MT#20,,,,,,,,,MEAT GRINDER,,HOBART,4146,OWNER,G.C.,208-30A-3P,"48"" AFF",L15-30R/L15-30P*,,,,,,,,,
115,A,x,,,,,,,,,MT#21,,,,,,,,,MEAT SLICER - TABLETOP,,BIZERBA,GSP-HD,OWNER,OWNER,230V-20A,"48"" AFF",5-15R,,,,,,,,,
115,B,x,,,,,,,,,MT#22,,,,,,,,,MEAT SLICER - TABLETOP,,HOBART,HS7N,OWNER,OWNER,120-20A,"48"" AFF",5-15R,,,,,,,,,
116,,,,,,,,,,,TBD,,,,,,,,,MEAT TENDERIZER,,BIRO,PRO-9,OWNER,OWNER,120-20A,"48"" AFF",5-15R,,,,,,,,,
117,,,,,,,,,,,TBD,,,,,,,,,AUTOMATIC MEAT SLICER,,BIRO,109PC,OWNER,OWNER,208-20A-3P,"48"" AFF",L15-20R/ L15-20P*,,,,,,,,,
118,,,x,,,,,,,,,SF#26,,,,,,,,SEAFOOD STEAMER W/ STAND,,GROEN,SSB-5G,OWNER,P.C. & E.C.,120VAC-60HZ-15AMP,"46"" AFF",2X,,CW 2 3/4”,,"38""H","1/2""","100,000","44"" A.F.F.",YES,"1 1/2"" DRAIN"
119,A,,x,,,,,,,,,SF#27,,,,,,,,SELF-CONTAINED BI-LEVEL SEAFOOD TANK - 5FT,,SW WILSON,"BI-LEVEL 60""X42""",OWNER,G.C./E.C./R.C.,2X120-20A,24” OC,J-BOX*,,,,,,,,YES,
119,B,,x,,,,,,,,,SF#28,,,,,,,,SELF-CONTAINED BI-LEVEL SEAFOOD TANK - 4FT,,SW WILSON,"BI-LEVEL 48""X30""",OWNER,G.C./E.C.,110V-30A,24” OC,J-BOX*,,,,,,,,YES,
120,,,x,,,,,,,,,SF#29,,,,,,,,SELF-CONTAINED SEAFOOD TANK - 4FT,,SW WILSON,48X40,OWNER,OWNER/G.C./E.C.,120V-30A,24” OC,5-20R,,,,,,,,YES,
121,,,x,,,,,,,,,SF#30,,,,,,,,SCALE STAND,,CUSTOM,CUSTOM,OWNER,OWNER,,,,,,,,,,,,
122,L,,x,,,,,,,,,SF#31,,,,,,,,FISH CUTTING TABLE LEFT DRAIN,,CUSTOM,96X36,OWNER,P.C,,,,,CW 1/2”,,24” OC,,,,YES,
122,R,,x,,,,,,,,,SF#32,,,,,,,,FISH CUTTING TABLE RIGHT DRAIN,,CUSTOM,96X36,OWNER,P.C,,,,,CW 1/2”,,24” OC,,,,YES,
123,,,,,,,x,,,,,,,,,HD#19,,,,ICE CADDY,,CAMBRO,ICS125L,OWNER,OWNER,,,,,,,,,,,,
124,,,x,,,,,,,,,SF#33,,,,,,,,SEAFOOD ICE DISPLAY,,CUSTOM,CUSTOM,OWNER,G.C.,,,,,,,,,,,YES,
125,,,x,,,,x,,,x,,SF#34,,,,HD#20,,,ST#01,TYPE I EXHAUST HOOD,,CAPTIVEAIR,WALL-ND2,M.C,M.C.&.E.C.,SEE M&E PLAN,,,,,,,,,,,
126,,,,,,x,,,,,,,,,BK#27,,,,,TYPE II EXHAUST HOOD,,CAPTIVEAIR,WALL-VHB,M.C,M.C.& E.C.,SEE M&E PLAN,,,,,,,,,,,
127,A,,,,,,,,,,TBD,,,,,,,,,ONE BURNER CHINESE WOK RANGE,,IMPERIAL,ICRA-1,OWNER,P.C,,,,,CW 1-1/2”,,12” OC-RH,1-1/2”,"160,000",,YES,8” OC
128,A,,,,,,,,,,TBD,,,,,,,,,BBQ OVEN,,GENERAL,GNR4848,OWNER,P.C.,,,,,,,,1”,"240,000",,,"11""H"
128,B,,,,,,x,,,,,,,,,HD#21,,,,BBQ OVEN,,RATIONAL,COMBIMASTER PLUS 202G,OWNER,P.C,240V/1,,6-15P,,"1/2""",,,,,,,
129,,,,,,,x,,,,,,,,,HD#22,,,,DOUBLE STOCK POT RANGE,,AMERICAN RANGE,ARSP-J-2,OWNER,P.C,,,,,,,,3/4”,"250,000",,,"16"""
130,A,,x,,,,x,,,,,SF#35,,,,HD#23A,,,,DEEP FRYER,,PITCO,SG18,OWNER,P.C,,,,,,,,3/4”,"140,000",,,"16"""
131,B,,,,,,,,,,,,,,,HD#23B,,,,DEEP FRYER,O,COOKRITE,ATFS-50,OWNER,G.C.,,,,,,,,,,,,
131,A,,,,,,,,,,,,,,,HD#24A,,,,TWO BURNER CHINESE WOK RANGE,,IMPERIAL,ICRA-2,OWNER,P.C,,,,,CW 1-1/2”,,12” OC-RH,1-1/2”,"320,000",,YES,8” OC
131,B,,,,,,x,,,,,,,,,HD#24B,,,,TWO BURNER CHINESE WOK RANGE,,CUSTOM,2-BURNER,OWNER,P.C,,,,,CW 1/2”,,"12""H",1-1/2”,,,YES,"11""H"
132,A,,,,,,,,,,,,,,,HD#25A,,,,THREE BURNER CHINESE WOK RANGE,,IMPERIAL,ICRA-3,OWNER,P.C,,,,,CW 1-1/2”,,12” OC-RH,1-1/2”,"480,000",,YES,8” OC
132,B,,,,,,x,,,,,,,,,HD#25B,,,,THREE BURNER CHINESE WOK RANGE,,CUSTOM,3-BURNER,OWNER,P.C.,,,,,CW 1/2”,,"12""H",1-1/2”,,,YES,"11""H"
133,A,,,,,,,,,,,,,,,HD#26A,,,,FOUR BURNER CHINESE WOK RANGE,,IMPERIAL,ICRA-4,OWNER,P.C,,,,,CW 1-1/2”,,12” OC-RH,1-1/2”,"640,000",,YES,8” OC
133,B,,,,,,x,,,,,,,,,HD#26B,,,,FOUR BURNER CHINESE WOK RANGE - CUSTOM,,CUSTOM,4-BURNER,OWNER,P.C.,,,,,,,,,,,,
134,,,,,,,,,,,,,,,,HD#46,,,,EIGHT BURNER CHINESE WOK RANGE,,IMPERIAL,ICRA-8,OWNER,P.C,,,,,CW 1-1/2”,,12” OC-RH,1-1/2”,"960,000",,YES,8” OC
135,A,,,,,,x,,,,,,,,,HD#27,,,,24” GRIDDLE,,IMPERIAL,IMGA-2428,OWNER,P.C,,,,,,,,3/4”,"60,000",,,"16""H"
135,B,,,,,,x,,,,,,,,,HD#28,,,,24” GRIDDLE,,WELLS,HDG-2430G,OWNER,P.C,,,,,,,,3/4”,"60,000",,,"16""H"
136,,,,,,,,,,,TBD,,,,,,,,,4-BURNER RANGE,,WELLS,HDHP2430G,OWNER,P.C.,,,,,,,,"3/4""",,,,
137,,,,,,,x,,,,,,,,,HD#29,,,,GAS RICE COOKER,,RINNAI,PER-55AS,OWNER,P.C.& E.C.,,,,,,,,1/2”,"35,000",,,"24""H"
138,,,,,,,x,,,,,,,,,HD#30,,,,MODULAR FOOD WARMER W/ OVERHEAD HEAT LAMPS,,WELLS,300D-400D-500D,OWNER,P.C.& E.C.,208-30A-3P,20” OC,L15-30R/ L15-30P*,,,HW-1/2”,"16""H",,,,,
139,,,,,,,x,,,,,,,,,HD#31,,,,BBQ DISPLAY CASE - 3PAN,,CUSTOM,CUSTOM,OWNER,P.C,"3X(120-20A)
208-30A-3P3X(120-20A)
208-30A-3P3X(120-20A)
208-30A-3P3X(120-20A)
208-30A-3P",20” OC,"5-15R
L15-30R/L15-30P*          5-15R
L15-30R/L15-30P*          5-15R
L15-30R/L15-30P*          5-15R
L15-30R/L15-30P*          ",,,HW-1/2”,"16""H",,,,YES,
140,,,,,,,x,,,,,,,,,HD#32,,,,CHOPPING TABLE FOR BBQ,,CUSTOM,30X42,OWNER,G.C.,120-20A,"48"" AFF",5-15R,,,,,,,,,
141,A,,,,,x,,,,,,,,,BK#28,,,,,HEATED DISPLAY CASE - DUAL SHELF / 3PAN,,HATCO,GRHD-3PD,OWNER,G.C.,120/1P,,5-20P,,,,,,,,,
142,,,,,,,x,,,,,,,,,HD#33,,,,RICE WAMER,,ZOJIRUSHI,THA-603,OWNER,OWNER,120-20A,20” OC,5-15R,,,,,,,,,
143,,,,,,x,,x,,,,,,,BK#29,,WH#17,,,MICROWAVE OVEN,,AMANA,RCS10DSE,OWNER,OWNER,120-20A,"48"" AFF",5-15R,,,,,,,,,
144,,,,,,x,,,,,,,,,BK#30,,,,,HOT WATER BOILER W/ FILTER,,BUNN,H5,OWNER,P.C.& E.C.,,,,,,,20” OC,,,,YES,
145,,,,,,,x,,,,,,,,,HD#34,,,,3 SIDE UPTURN EQUIPMENT STAND,,GSW,ES-ALLSS-24,OWNER,G.C.,,,,,,,,,,,,
146,,,,,,x,,,,,,,,,BK#31,,,,,BAKERY DECK OVEN - 2PAN/3DECK (W/ WATER FILTER),,ABS,283,OWNER,P.C.& E.C.,208/220V/60/3P W/ NEUTRAL,"100""H",,,"CW 1/2""",,"100""H",,,,,
147,,,,,,x,,,,,,,,,BK#32,,,,,SINGLE RETARDER PROOFER,,BAXTER,RPW1S,OWNER,P.C.& E.C.,208-30A-1P-3WIRE,104” OC,DIRECT CONNECT,,CW 1/2”,,104” OC,,,,YES,
148,,,,,,x,,,,,,,,,BK#33,,,,,BREAD SLICER,,OLIVER,797,OWNER,E.C.,120-20A,CEILING DROP*,5-20R,,,,,,,,,
149,,,,,,x,,,,,,,,,BK#34,,,,,20 Q MIXER,,HOBART,HL200,OWNER,E.C.,,"48"" AFF",,,,,,,,,,
150,,,,,,x,,,,,,,,,BK#35,,,,,20 Q MIXER,,GLOBE,SP20,OWNER,E.C.,115/60/1,"48"" AFF",,,,,,,,,,
151,,,,,,,x,,,,,,,,,HD#35,,,,30 Q MIXER,,HOBART,HL300,OWNER,E.C.,120-20A,"48"" AFF",5-20R,,,,,,,,,
152,,,,,,,,,,,,,,,,,,,,ISLAND HOT FOOD MERCHANDISER DOUBLE TIER 3X6,,R&D FIXTURES,IS-HT-MR-DT-3X6,OWNER,G.C. & E.C.,120/208V/60HZ/1PH,,,,,,,,,,,
153,,,,,,x,x,,,,,,,,BK#36,HD#36,,,,PREMIX DISPENSERS,,CRATHCO,D25,OWNER,P.C.& E.C.,120-20A,"48"" AFF",5-15R,,CW 1/2”,,24” OC,,,,,
154,A,,,,,x,,,,,,,,,BK#37,,,,,COFFEE GRINDER,,BUNN,33700,OWNER,OWNER,120-20A,"48"" AFF",5-15P,,,,,,,,,
154,B,,,,,x,,,,,,,,,BK#38,,,,,COFFEE BREWER W/ WATER FILTER,,BUNN,27800.0009,OWNER,OWNER,120-20A,"48"" AFF",5-15R,,CW 1/2”,,24” OC,,,,YES,
155,,,,,,x,x,,,,,,,,BK#39,HD#37,,,,CUP SEALER,,SEALING MACHINE,ET99,OWNER,OWNER,120-20A,48” AFF,5-15R,,,,,,,,,
156,,,,,,,,,,,,,,,,HD#38,,,,GRIDDLE/BURNER COMBO,O,AMERICAN RANGE,AR24G-2B,OWNER,R.C.,,,,,,,,,,,,
157,,,,,,,,,,,,,,,,HD#39,,,,COOKING ROBOT,O,NEXT ROBOT,MAX5.0,OWNER,R.C.,,,,,,,,,,,,
158,,,,,,,,,,,,,,,,HD#40,,,,SANDWICH PREP TABLE,O,ATOSUSA,MSF8303GR,OWNER,G.C.,,,,,,,,,,,,
159,A,,,,,,,,,,,,,,,HD#41,,,,COMBI-STEAMER/ COMBI-OVEN,O,RATIONAL,iCOMBI CLASSIC 20-FULL SIZE E/G,OWNER,G.C.,,,,,,,,,,,,
159,B,,,,,,,,,,,,,,,HD#45,,,,COMBI-OVEN,O,CONVOTHERM,C4eT 20.20 GB-N,OWNER,GC,,,,,,,,,,,,
160,,,,,,,,,,,TBD,,,,,,,,,CNC 1DR REFRIGERATOR,,ATOSA,MBF8505GR,OWNER,G.C.,115/60/1,,5-15P,,,,,,,,,
161,,,,,,,,,,,TBD,,,,,,,,,CNC 1DR FREEZER,,ATOSA,MBF8501GR,OWNER,G.C.,115/60/1,,5-15P,,,,,,,,,
162,,,,,,,,,,,TBD,,,,,,,,,CNC 2DR REFRIGERATOR,,ATOSA,MBF8507GR,OWNER,G.C.,115/60/1,,5-15P,,,,,,,,,
163,,,,,,,,,,,TBD,,,,,,,,,CNC 2DR FREEZER,,ATOSA,MBF8503GR,OWNER,G.C.,115/60/1,,5-15P,,,,,,,,,
164,,,,,,,,,,,,,,,,HD#42,,,,FRONZEN FOOD: MULTI-DECK DELI MERCHANDISERS,O,HILL PHOENIX,PF-54-SC,OWNER,G.C.,,,,,,,,,,,,
165,A,,,,,,,,,,,,,,,HD#43A,,,,CHICKEM WARMER,O,FRANESSE DP,LFG-3668-2T-C,OWNER,G.C.,,,,,,,,,,,,
165,B,,,,,,,,,,,,,,,HD#43B,,,,CHICKEM WARMER,O,ATLEQUIPMENT,99R-MS3678-SG,OWNER,G.C.,,,,,,,,,,,,
166,,,,,,,,,,,,,,,,HD#44,,,,FOOD WARMER,O,INTERTEK,99-MS5092-SGO,OWNER,R.C.,,,,,,,,,,,,
167,,,,,,,,,,,,,,,BK#40,,,,,ELECTRIC MINI ROTATING RACK BAKERY OVEN,O,BLODGETT,XR8-E,OWNER,G.C.,,,,,,,,,,,,
168,,,,,,,,,,,,,,,,HD#47,,,,PASTA/NOODLE COOKERS,O,EMPURA EQUIPMENT,#E-PC11_NAT,OWNER,G.C.,,,,,,,,,,,,
169,,,,,,,,,,,,,,,,HD#48,,,,ICE MAKER,O,ICE-O-MATIC,ICEU225,OWNER,G.C.,,,,,,,,,,,,
170,,,,,,,,,,,,,,,,HD#49,,,,"60""W REFRIGERATED SANDWICH TABLE",O,TRUE,TWT-60,OWNER,G.C.,,,,,,,,,,,,
171,,,,,,,,,,,,,,,,HD#50,,,,"72"" PREP TABLE",O,TRUE,TSSU-72-16-HC,OWNER,G.C.,,,,,,,,,,,,
172,,,,,,,,,,,,,,,,HD#51,,,,WATER HEATER,O,BUNN,H5X,OWNER,G.C.,,,,,,,,,,,,
173,,,,,,,,,,,,,,,,HD#52,,,,"60""Wx30""D STAINLESS STEEL WORK TABLE",O,TRUE,TMT-60-HC,OWNER,G.C.,,,,,CW: COLD WATER,,RH: RIGHT HAND,,,,,
174,,,,,,,,,,,,,,,,HD#53,,,,8FT REFRIGERATED DISPLAY CASE,O,HILL PHOENIX,BLF-R,OWNER,G.C.,,,,,HW: HOT WATER,,,,,,,
175,,,,,,,,,,,,,,,,HD#54,,,,DOUBLE STOCK POT STOVES,O,COOKRITE,ATSP-18-2L,OWNER,G.C.,,,,,OC: ON CENTER,,,,,,,
176,,,,,,,,,,,,,,,BK#41,,,,,"BAKERY DISPLAY WITH THREE SHELVES, GLASS SERVICE SLIDING DOORS WITH ONE SERVICE MODULE",O,川島屋,1910 x 860 x 1450 (mm),OWNER,G.C.,,,,,,,,,,,,
177,,,,,,,,,,,TBD,,,,,,,,,DELI/DAIRY MERCHANDIZER OWNER SEE REFRIG.,,HILL PHOENIX,I2I,OWNER,R.C./E.C.,SEE R. DWGS,VERIFY,VERIFY,,,,,,,,,
178,,,,,,,,,,,,,,,BK#42,,,,,BAKERY BEVERAGE COUNTER,,ACE,CUSTOM,G.C.,G.C.,,,,,,,,,,,,
179,,,,,,,,,,,,,,,BK#43,HD#TBD,,,,S.S. SNEEZE GUARD W/ GLASS,,GENERAL EQUIP.,CUSTOM,G.C.,G.C.,,,,,,,,,,,,
,,,,,,,,,,,,,,,BK#44,,,,,6' NARROW SELF-CONTAINED SINGLE-DECK MERCHANDISER,O,ONIZVA,R-290,OWNER,G.C.,,,,,,,,,,,,
,,,,,,,,,,,,,,,,HD#55,,,,,,,,,,,,,,,,,,,,,
180,,,,,,,,,,,,,,,,,,,,S.S. COUNER,,GENERAL EQUIP.,CUSTOM,OWNER,G.C.,,,,,,,,,,,,
181,,,,,,,,,,,,,,,,,,,,,,,,,,,,,,,,,,,,,
182,,,,,,,,,,,,,,,,,,,,,,,,,,,,,,,,,,,,,
,,,,,,,,,,,,,,,,,,,,,,,,,,,,,,,,,,,,,
,,,,,,,,,,,,,,,,,,,,,,,,,,,,,,,,,,,,,
,,,,,,,,,,,,,,,,,,,,,,,,,,,,,,,,,,,,,
,,,,,,,,,,,,,,,,,,,,,,,,,,,,,,,,,,,,,
,,,,,,,,,,,,,,,,,,,,,,,,,,,,,,,,,,,,,
,,,,,,,,,,,,,,,,,,,,,,,,,,,,,,,,,,,,,
,,,,,,,,,,,,,,,,,,,,,,,,,,,,,,,,,,,,,
,,,,,,,,,,,,,,,,,,,,,,,,,,,,,,,,,,,,,
,,,,,,,,,,,,,,,,,,,,,,,,,,,,,,,,,,,,,
,,,,,,,,,,,,,,,,,,,,,,,,,,,,,,,,,,,,,
,,,,,,,,,,,,,,,,,,,,,,,,,,,,,,,,,,,,,
,,,,,,,,,,,,,,,,,,,,,,,,"** If 208 VAC need 60A, If 480 VAC need 30A",,,,,,,,,,,,,
,,,,,,,,,,,,,,,,,,,,G.C.: GENERAL CONTRACTOR,,E.C.: ELECTRICAL CONTRACTOR,,* Electrical Contractor provide cord and plug,,,,,,,,,,,,,
,,,,,,,,,,,,,,,,,,,,P.C.: PLUMBING CONTRACTOR,,M.C.: MECHANICAL CONTRACTOR,,,,,,,,,,,,,,,
,,,,,,,,,,,,,,,,,,,,R.C.: REFRIGERATION CONTRACTOR,,,,,,,,,,,,,,,,,